e,country,city,line,start_year,end_year,rr,length,tunnel_per,tunnel,stations,source1,cost,currency,year,ppp_rate,real_cost,cost_km_millions,source2,reference
7640,CN,Beijing,Line 4,2004,2009,0,28.2,95.17%,26.837,24,Media,15300,CNY,2005,0.3517,5381.01,190.82,Media,http://zizhan.mot.gov.cn/zhuantizhuanlan/qita/quanqiuhuanjingjijin/zhishigongxiang/201601/P020160125565596507649.pdf
7649,CN,Beijing,Line 13,1999,2003,0,40.85,0.00%,0,17,Wikiland,6570,CNY,1999,0.37,2430.9,59.51,Media,http://www.wikiwand.com/zh-sg/%E5%8C%97%E4%BA%AC%E5%9C%B0%E9%93%8113%E5%8F%B7%E7%BA%BF
7760,CN,Beijing,Line 28,2017,2021,0,8.777,100.00%,8.777,9,Media,12750,CNY,2019,0.2382,3037.16,346.04,Media,http://www.tzxm.gov.cn/flfg/law/201912/t20191220_12825.html; https://new.qq.com/rain/a/20200812A0UGAJ00
7769,CN,Beijing,Line 11 West,2019,2021,0,4,100.00%,4,4,Plan,4890,CNY,2019,0.2382,1164.84,291.21,Media,http://www.tzxm.gov.cn/flfg/law/201912/t20191220_12825.html
7776,CN,Beijing,Line 3 Phase 1+2,2016,2021,0,37.4,55.61%,20.8,27,Plan,41500,CNY,2015,0.2583,10720.74,286.65,Plan,http://www.gov.cn/xinwen/2018-02/18/content_5267552.htm; https://zh.m.wikisource.org/zh-hans/%E5%8C%97%E4%BA%AC%E5%B8%82%E5%9F%8E%E5%B8%82%E8%BD%A8%E9%81%93%E4%BA%A4%E9%80%9A%E7%AC%AC%E4%BA%8C%E6%9C%9F%E5%BB%BA%E8%AE%BE%E8%A7%84%E5%88%92%EF%BC%882015%EF%BD%9E2021%E5%B9%B4%EF%BC%89
7777,CN,Beijing,Line 12,2017,2021,0,29.2,100.00%,29.2,21,Plan,32400,CNY,2015,0.2583,8369.93,286.64,Media,https://zh.wikisource.org/zh-hans/%E5%8C%97%E4%BA%AC%E5%B8%82%E5%9F%8E%E5%B8%82%E8%BD%A8%E9%81%93%E4%BA%A4%E9%80%9A%E7%AC%AC%E4%BA%8C%E6%9C%9F%E5%BB%BA%E8%AE%BE%E8%A7%84%E5%88%92%EF%BC%882015%EF%BD%9E2021%E5%B9%B4%EF%BC%89
7785,CN,Beijing,Line 8 Phase 4,2016,2018,0,3.4,29.08%,0.9886,2,Wiki,3420,CNY,2015,0.2583,883.49,259.85,Media,https://zh.wikipedia.org/wiki/%E5%8C%97%E4%BA%AC%E5%9C%B0%E9%93%818%E5%8F%B7%E7%BA%BF#%E4%B8%89%E6%9C%9F%E5%8F%8A%E5%9B%9B%E6%9C%9F%E5%B7%A5%E7%A8%8B
7792,CN,Beijing,Line 19 Phase 1,2017,2021,0,22.4,100.00%,22.4,10,Plan,22180,CNY,2015,0.2583,5729.79,255.79,Media,https://zh.wikisource.org/zh-hans/%E5%8C%97%E4%BA%AC%E5%B8%82%E5%9F%8E%E5%B8%82%E8%BD%A8%E9%81%93%E4%BA%A4%E9%80%9A%E7%AC%AC%E4%BA%8C%E6%9C%9F%E5%BB%BA%E8%AE%BE%E8%A7%84%E5%88%92%EF%BC%882015%EF%BD%9E2021%E5%B9%B4%EF%BC%89
7793,CN,Beijing,Line 17,2015,2022,0,49.7,100.00%,49.7,21,Plan,49200,CNY,2015,0.2583,12709.89,255.73,Media,https://zh.wikisource.org/zh-hans/%E5%8C%97%E4%BA%AC%E5%B8%82%E5%9F%8E%E5%B8%82%E8%BD%A8%E9%81%93%E4%BA%A4%E9%80%9A%E7%AC%AC%E4%BA%8C%E6%9C%9F%E5%BB%BA%E8%AE%BE%E8%A7%84%E5%88%92%EF%BC%882015%EF%BD%9E2021%E5%B9%B4%EF%BC%89
7794,CN,Beijing,Line 16,2013,2021,0,49.8,100.00%,49.8,29,Media,49500,CNY,2013,0.2729,13509.83,271.28,Media,http://www.bjnews.com.cn/news/2016/11/25/424943.html; https://baijiahao.baidu.com/s?id=1633332748114018963&wfr=spider&for=pc
7795,CN,Beijing,Line 25 Phase 2 (Fangshan Northern Extension),2017,2020,0,5,NA,NA,4,Plan,4860,CNY,2015,0.2583,1255.49,251.1,Media,https://zh.wikisource.org/zh-hans/%E5%8C%97%E4%BA%AC%E5%B8%82%E5%9F%8E%E5%B8%82%E8%BD%A8%E9%81%93%E4%BA%A4%E9%80%9A%E7%AC%AC%E4%BA%8C%E6%9C%9F%E5%BB%BA%E8%AE%BE%E8%A7%84%E5%88%92%EF%BC%882015%EF%BD%9E2021%E5%B9%B4%EF%BC%89
7816,CN,Beijing,Line 7 Phase 2 (Eastern Extension),2016,2020,0,17.2,87.21%,15,9,Plan,15330,CNY,2016,0.2507,3843.07,223.43,Media,https://zh.wikisource.org/zh-hans/%E5%8C%97%E4%BA%AC%E5%B8%82%E5%9F%8E%E5%B8%82%E8%BD%A8%E9%81%93%E4%BA%A4%E9%80%9A%E7%AC%AC%E4%BA%8C%E6%9C%9F%E5%BB%BA%E8%AE%BE%E8%A7%84%E5%88%92%EF%BC%882015%EF%BD%9E2021%E5%B9%B4%EF%BC%89
7824,CN,Beijing,Line 27 Phase 2 (Changping Southern Extension),2019,2021,0,16.6,NA,NA,8,Plan,14230,CNY,2015,0.2583,3676.05,221.45,Media,https://zh.wikisource.org/zh-hans/%E5%8C%97%E4%BA%AC%E5%B8%82%E5%9F%8E%E5%B8%82%E8%BD%A8%E9%81%93%E4%BA%A4%E9%80%9A%E7%AC%AC%E4%BA%8C%E6%9C%9F%E5%BB%BA%E8%AE%BE%E8%A7%84%E5%88%92%EF%BC%882015%EF%BD%9E2021%E5%B9%B4%EF%BC%89
7832,CN,Beijing,Line 6 Phase 1 and 2,2008,2014,0,42.85,100.00%,42.85,27,Wiki,32250,CNY,2009,0.3174,10234.85,238.85,Media,https://zh.wikisource.org/zh-hans/%E5%9B%BD%E5%AE%B6%E5%8F%91%E5%B1%95%E6%94%B9%E9%9D%A9%E5%A7%94%E5%85%B3%E4%BA%8E%E5%8C%97%E4%BA%AC%E5%B8%82%E5%9C%B0%E9%93%816%E5%8F%B7%E7%BA%BF%E5%B7%A5%E7%A8%8B%E5%8F%AF%E8%A1%8C%E6%80%A7%E7%A0%94%E7%A9%B6%E6%8A%A5%E5%91%8A%E7%9A%84%E6%89%B9%E5%A4%8D
7864,CN,Beijing,Line 22,NA,NA,0,78.6,62.00%,48.5,20,Plan,63930,CNY,2019,0.2382,15228.68,193.75,Plan,http://www.tzxm.gov.cn/flfg/law/201912/t20191220_12825.html
7883,CN,Beijing,Line 13A,2019,2022,0,30.2,60.26%,18.2,18,Plan,23960,CNY,2019,0.2382,5707.48,188.99,Plan,http://www.tzxm.gov.cn/flfg/law/201912/t20191220_12825.html; https://baijiahao.baidu.com/s?id=1636643464335769195&wfr=spider&for=pc
7904,CN,Beijing,Line 7 Phase 1,2009,2014,0,23.7,100.00%,23.7,21,Plan,16000,CNY,2014,0.266,4256.45,179.6,Media,http://bj.bendibao.com/news/20141120/171344.shtm
7960,CN,Beijing,Line 10 North and East,2003,2008,0,24.64,100.00%,24.64,22,Media,13700,CNY,2005,0.3517,4818.85,195.57,Media,http://news.sciencenet.cn/sbhtmlnews/2008/8/209799.html
7985,CN,Beijing,Daxing Airport Express Phase 1,2016,2019,0,44,NA,NA,3,Plan,27820,CNY,2019,0.2382,6626.97,150.61,Plan,http://www.tzxm.gov.cn/flfg/law/201912/t20191220_12825.html
7986,CN,Beijing,Daxing Airport Express Phase 2,2019,NA,0,3.5,NA,NA,2,Plan,4040,CNY,2019,0.2382,962.36,274.96,Plan,http://www.tzxm.gov.cn/flfg/law/201912/t20191220_12825.html
7987,CN,Beijing,Line 8 Phase 1 for Olympics,2005,2008,0,4.528,100.00%,4.528,4,Media,2420,CNY,2005,0.3517,851.21,187.99,Media,https://www.360kuai.com/pc/9fb76b182add530db?cota=4&kuai_so=1&tj_url=so_rec&sign=360_7bc3b157; http://itdzs.org/OnLineMagazine/PDFView.aspx?ID=4
8041,CN,Beijing,Daxing Line,2007,2010,0,21.8,80.28%,17.5,11,Media,10930,CNY,2007,0.3323,3632.44,166.63,Media,http://www.mtr.bj.cn/article/5d510c0aebb1a36f5ef5981f.html
8065,CN,Beijing,Line 5,2002,2007,0,27.6,NA,NA,23,Media,12000,CNY,2004,0.3545,4253.81,154.12,Media,http://finance.sina.com.cn/b/20040419/0854725033.shtml
8112,CN,Beijing,Line 15 Phase 1,2009,2014,0,41.4,66.91%,27.7,18,Media,18100,CNY,2010,0.3004,5437.07,131.33,Media,http://finance.ifeng.com/city/bj/20101117/2902241.shtml
8129,CN,Beijing,Line 13B,2019,2022,0,32.2,31.99%,10.3,15,Plan,12640,CNY,2019,0.2382,3010.96,93.51,Plan,http://www.tzxm.gov.cn/flfg/law/201912/t20191220_12825.html
8131,CN,Beijing,Line 8 Northern Extension,2011,2013,0,6.328,73.45%,4.648,3,Measured,3212.2,CNY,2011,0.2838,911.52,144.05,Media,https://max.book118.com/html/2017/1209/143431974.shtm
8139,CN,Beijing,Capital Airport Express,2005,2008,0,28.1,0.00%,0,4,Measured,622.3,CNY,2005,0.3517,218.89,7.79,Media,http://news.sciencenet.cn/sbhtmlnews/2008/8/209799.html
7889,CN,Changchun,Line 5 Phase 1,2020,2026,0,19.5,100.00%,19.5,18,Plan,15382,CNY,2018,0.2379,3658.9,187.64,Plan,https://www.ndrc.gov.cn/xxgk/zcfb/tz/201812/W020190905514226164270.pdf
7963,CN,Changchun,Line 7 Phase 1,2020,2025,0,22.5,100.00%,22.5,19,Plan,15583,CNY,2018,0.2379,3706.71,164.74,Plan,https://www.ndrc.gov.cn/xxgk/zcfb/tz/201812/W020190905514226164270.pdf; https://baike.baidu.com/item/%E9%95%BF%E6%98%A5%E8%BD%A8%E9%81%93%E4%BA%A4%E9%80%9A7%E5%8F%B7%E7%BA%BF/17545289
8008,CN,Changchun,Line 6,2020,NA,0,29.7,100.00%,29.7,22,Plan,19549,CNY,2018,0.2379,4650.1,156.57,Plan,https://www.ndrc.gov.cn/xxgk/zcfb/tz/201812/W020190905514226164270.pdf; https://baike.baidu.com/item/%E9%95%BF%E6%98%A5%E8%BD%A8%E9%81%93%E4%BA%A4%E9%80%9A6%E5%8F%B7%E7%BA%BF
8056,CN,Changchun,Line 2 Eastern Extension,2020,2025,0,9.1,100.00%,9.1,6,Plan,5131,CNY,2018,0.2379,1220.5,134.12,Plan,https://www.ndrc.gov.cn/xxgk/zcfb/tz/201812/W020190905514226164270.pdf
8097,CN,Changchun,Line 4 Southern Extension,2020,2023,0,4,0.00%,0,6,Plan,2013,CNY,2018,0.2379,478.83,119.71,Plan,https://www.ndrc.gov.cn/xxgk/zcfb/tz/201812/W020190905514226164270.pdf
8115,CN,Changchun,Line 9 (Konggang),2019,2025,0,28.2,49.29%,13.9,8,Plan,12640,CNY,2018,0.2379,3006.66,106.62,Plan,https://www.ndrc.gov.cn/xxgk/zcfb/tz/201812/W020190905514226164270.pdf
8138,CN,Changchun,Line 3 Southern Extension,NA,NA,0,3,26.67%,0.8,2,Plan,839,CNY,2018,0.2379,199.57,66.52,Plan,https://www.ndrc.gov.cn/xxgk/zcfb/tz/201812/W020190905514226164270.pdf
7833,CN,Changsha,Line 6 Central,2017,2021,0,26.5,100.00%,26.5,20,Plan,22360,CNY,2017,0.239,5344.17,201.67,Plan,https://www.ndrc.gov.cn/xxgk/zcfb/ghwb/201703/W020190905497919692262.pdf
7841,CN,Changsha,Line 7 Phase 1,2017,2021,0,21.6,100.00%,21.6,16,Plan,18132,CNY,2017,0.239,4333.65,200.63,Plan,https://www.ndrc.gov.cn/xxgk/zcfb/ghwb/201703/W020190905497919692262.pdf
7880,CN,Changsha,Line 5 South Extension,2018,2022,0,8.43,100.00%,8.43,7,Plan,6727,CNY,2017,0.239,1607.79,190.72,Plan,https://www.ndrc.gov.cn/xxgk/zcfb/ghwb/201703/W020190905497919692262.pdf
7913,CN,Changsha,Line 6 West,2018,2022,0,10.05,100.00%,10.05,7,Plan,7565,CNY,2017,0.239,1808.08,179.91,Plan,https://www.ndrc.gov.cn/xxgk/zcfb/ghwb/201703/W020190905497919692262.pdf
7961,CN,Changsha,Line 5 Phase 1,2014,2018,0,22.7,100.00%,22.7,18,Plan,15663,CNY,2012,0.2808,4398.48,193.77,Plan,https://www.ndrc.gov.cn/fzggw/jgsj/zcs/sjdt/201212/t20121224_1145294.html
7993,CN,Changsha,Line 3 Phase 1,2012,2016,0,35.6,100.00%,35.6,25,Plan,23628,CNY,2012,0.2808,6635.21,186.38,Plan,https://www.ndrc.gov.cn/fzggw/jgsj/zcs/sjdt/201212/t20121224_1145294.html
8003,CN,Changsha,Line 4 Phase 1,2013,2017,0,33.5,NA,NA,24,Plan,21938,CNY,2012,0.2808,6160.63,183.9,Plan,https://www.ndrc.gov.cn/fzggw/jgsj/zcs/sjdt/201212/t20121224_1145294.html
8018,CN,Changsha,Line 2 West Extension Phase 2,2017,2021,0,13.99,98.50%,13.78,11,Plan,11138,CNY,2020,0.2382,2653.07,189.64,Plan,https://www.ndrc.gov.cn/xxgk/zcfb/ghwb/201703/W020190905497919692262.pdf; http://www.rail-transit.com/shiping/show.php?itemid=851
8064,CN,Changsha,Line 2 West Extension Phase 1,2012,2015,0,4.5,100.00%,4.5,4,Plan,2466,CNY,2012,0.2808,692.5,153.89,Plan,https://www.ndrc.gov.cn/fzggw/jgsj/zcs/sjdt/201212/t20121224_1145294.html
8067,CN,Changsha,Line 1 North Extension Phase 1,2017,2021,0,9.93,54.38%,5.4,5,Plan,5337,CNY,2017,0.2382,1271.27,128.02,Plan,https://www.ndrc.gov.cn/xxgk/zcfb/ghwb/201703/t20170323_962232.html
8096,CN,Changsha,Line 6 East,2018,2022,0,12.15,100.00%,12.15,5,Plan,6140,CNY,2017,0.2382,1462.55,120.37,Plan,https://www.ndrc.gov.cn/xxgk/zcfb/ghwb/201703/W020190905497919692262.pdf
8104,CN,Changsha,Line 4 North Extension,2018,2022,0,14.26,14.45%,2.06,8,Plan,6831,CNY,2017,0.2382,1627.14,114.11,Plan,https://www.ndrc.gov.cn/xxgk/zcfb/ghwb/201703/W020190905497919692262.pdf
8130,CN,Changsha,Line 5 North Extension,2019,2022,0,3.65,48.49%,1.77,2,Plan,1409,CNY,2017,0.2382,335.62,91.95,Plan,https://www.ndrc.gov.cn/xxgk/zcfb/ghwb/201703/W020190905497919692262.pdf
7786,CN,Chengdu,Line 18 Phase 3,2019,2024,0,14.29,100.00%,14.29,7,Plan,14656,CNY,2019,0.2382,3491.19,244.31,Plan,https://www.ndrc.gov.cn/xxgk/zcfb/ghwb/201908/W020190905497973740066.pdf
7808,CN,Chengdu,Line 8 Phase 2,2019,2024,0,7.83,100.00%,7.83,7,Plan,7452,CNY,2019,0.2382,1775.13,226.71,Plan,https://www.ndrc.gov.cn/xxgk/zcfb/ghwb/201908/W020190905497973740066.pdf
7856,CN,Chengdu,Line 13 Phase 1,2019,2024,0,28.85,91.16%,26.3,19,Plan,23644,CNY,2019,0.2382,5632.21,195.22,Plan,https://www.ndrc.gov.cn/xxgk/zcfb/ghwb/201908/W020190905497973740066.pdf
7899,CN,Chengdu,Line 30 Phase 1,2019,2024,0,24.78,100.00%,24.78,24,Plan,19112,CNY,2019,0.2382,4552.64,183.72,Plan,https://www.ndrc.gov.cn/xxgk/zcfb/ghwb/201908/W020190905497973740066.pdf
7928,CN,Chengdu,Line 17 Phase 2,2019,2024,0,27.6,100.00%,27.6,17,Plan,20014,CNY,2019,0.2382,4767.51,172.74,Plan,https://www.ndrc.gov.cn/xxgk/zcfb/ghwb/201908/W020190905497973740066.pdf
7977,CN,Chengdu,Line 10 Phase 3,2019,2024,0,5.5,100.00%,5.5,4,Plan,3716,CNY,2019,0.2382,885.18,160.94,Plan,https://www.ndrc.gov.cn/xxgk/zcfb/ghwb/201908/W020190905497973740066.pdf
7994,CN,Chengdu,Line 27 Phase 1,2019,2024,0,22.2,59.46%,13.2,20,Plan,14813,CNY,2019,0.2382,3528.59,158.95,Plan,https://www.ndrc.gov.cn/xxgk/zcfb/ghwb/201908/W020190905497973740066.pdf
8026,CN,Chengdu,Line 19 Phase 2,2019,2024,0,45.6,100.00%,45.6,10,Plan,28425,CNY,2019,0.2382,6771.08,148.49,Plan,https://www.ndrc.gov.cn/xxgk/zcfb/ghwb/201908/W020190905497973740066.pdf
9493,CN,Chengdu,Line 8 Phase 1,2016,2020,0,27.4,100.00%,27.4,22,Plan,21863,CNY,2016,0.239,5225.38,190.71,Plan,https://www.ndrc.gov.cn/fggz/zcssfz/zdgc/201607/t20160715_1146086.html
9494,CN,Chengdu,Line 9 Phase 1,2016,2020,0,22.2,100.00%,22.2,13,Plan,20253,CNY,2017,0.2382,4824.29,217.31,Plan,https://www.chengdurail.com/detail/7247.html
9499,CN,Chengdu,Line 10 Phase 2,2016,2029,0,26.7,38.95%,10.4,9,Plan,13156,CNY,2016,0.239,3144.36,117.77,Plan,https://www.ndrc.gov.cn/fggz/zcssfz/zdgc/201607/W020190910671924062945.pdf
7882,CN,Chongqing,Line 5 Northern Extension,2019,2024,0,8.95,100.00%,8.95,7,Plan,7168,CNY,2018,0.2379,1705.04,190.51,Plan,https://www.ndrc.gov.cn/fggz/zcssfz/zcgh/201812/W020190910670713741772.pdf
7944,CN,Chongqing,Line 10,2014,2020,0,44.09,81.15%,35.78,27,Plan,31098,CNY,2018,0.2379,7397.24,167.78,Plan,https://www.ndrc.gov.cn/fggz/zcssfz/zcgh/201812/W020190910670713741772.pdf
7952,CN,Chongqing,Line 5A,2019,2024,0,28.96,62.57%,18.12,19,Plan,20334,CNY,2018,0.2379,4836.82,167.02,Plan,https://www.ndrc.gov.cn/fggz/zcssfz/zcgh/201812/W020190910670713741772.pdf
8059,CN,Chongqing,Line 4 Phase 2,NA,NA,0,32.6,63.40%,20.67,14,Plan,18068,CNY,2018,0.2379,4297.81,131.83,Plan,https://www.ndrc.gov.cn/fggz/zcssfz/zcgh/201812/W020190910670713741772.pdf
8066,CN,Chongqing,Ring Line,2012,2016,0,50.47,NA,NA,33,Media,27330,CNY,2013,0.2729,7459.06,147.79,Media,http://politics.people.com.cn/n/2013/0223/c70731-20575832.html
8074,CN,Chongqing,Line 6 Branch (EXPO) Phase 2,2016,2020,0,13.99,63.83%,8.93,7,Plan,7474,CNY,2018,0.2379,1777.83,127.08,Plan,https://www.ndrc.gov.cn/fggz/zcssfz/zcgh/201812/W020190910670713741772.pdf
8081,CN,Chongqing,Line 9 Phase 2,2016,2020,0,10.77,NA,NA,5,Media,5613,CNY,2013,0.2729,1531.93,142.24,Media,http://politics.people.com.cn/n/2013/0223/c70731-20575832.html
8082,CN,Chongqing,Line 9,2015,2020,0,39,93.38%,36.417,26,Media,23339,CNY,2013,0.2729,6369.81,163.33,Media,https://web.archive.org/web/20130120033236/http://www.cqzb.gov.cn/zbgg-5-37684-1.aspx
8090,CN,Chongqing,Line 4 Phase 1,2013,2018,0,15.77,70.07%,11.05,9,Plan,8805,CNY,2013,0.2729,2403.11,152.38,Plan,https://www.ndrc.gov.cn/fggz/zcssfz/zcgh/201812/W020190910670713741772.pdf
8121,CN,Chongqing,Line 6 Branch (EXPO) Phase 1,NA,2013,0,12.2,NA,NA,6,Media,5292,CNY,2013,0.2729,1444.32,118.39,Media,http://politics.people.com.cn/n/2013/0223/c70731-20575832.html
8123,CN,Chongqing,Line 5 Phase 1 North,2013,2018,0,16.42,100.00%,16.42,10,Media,9700,CNY,2013,0.2729,2647.38,161.23,Media,https://baike.baidu.com/item/%E9%87%8D%E5%BA%86%E8%BD%A8%E9%81%93%E4%BA%A4%E9%80%9A5%E5%8F%B7%E7%BA%BF#reference-[4]-8074613-wrap
8160,CN,Dongguan,Line 1 Phase 1,2019,2024,0,57.5,86.00%,49.5,24,Plan,36822,CNY,2019,0.2382,8771.32,152.54,Plan,https://baijiahao.baidu.com/s?id=1638089292564878111&wfr=spider&for=pc
8161,CN,Dongguan,Line 1 Phase 2,2023,2028,0,10.9,34.86%,3.8,4,Plan,6055,CNY,2019,0.2382,1442.35,132.33,Plan,https://baijiahao.baidu.com/s?id=1638089292564878111&wfr=spider&for=pc
8162,CN,Dongguan,Line 1 Phase 3,2020,2025,0,3.54,100.00%,3.5,1,Plan,1728,CNY,2019,0.2382,411.62,116.28,Plan,https://baijiahao.baidu.com/s?id=1638089292564878111&wfr=spider&for=pc
8163,CN,Dongguan,Line 1 Feeder Phase 1,2022,2027,0,25.56,100.00%,25.6,10,Plan,17499,CNY,2019,0.2382,4168.41,163.08,Plan,https://baijiahao.baidu.com/s?id=1638089292564878111&wfr=spider&for=pc
8168,CN,Dongguan,Line 2 Phase 3,2021,2026,0,17.5,97.54%,17.1,8,Plan,11532,CNY,2019,0.2382,2747.02,156.97,Plan,https://baijiahao.baidu.com/s?id=1638089292564878111&wfr=spider&for=pc
8169,CN,Dongguan,Line 3 Phase 1,2023,2028,0,50.14,100.00%,50.1,18,Plan,32178,CNY,2019,0.2382,7665.08,152.87,Plan,https://baijiahao.baidu.com/s?id=1638089292564878111&wfr=spider&for=pc
8170,CN,Dongguan,Line 3 feeder,2024,2028,0,1.8,100.00%,1.8,1,Plan,1297,CNY,2019,0.2382,308.96,171.64,Plan,https://baijiahao.baidu.com/s?id=1638089292564878111&wfr=spider&for=pc
7874,CN,Fuzhou,Line 5 Phase 1,2016,2020,0,24.6,100.00%,24.6,20,Plan,19288,CNY,2015,0.2583,4982.69,202.55,Plan,https://www.ndrc.gov.cn/fggz/zcssfz/zcgh/201601/t20160112_1145713.html
7898,CN,Fuzhou,Line 4 Phase 1,2017,2021,0,24.2,100.00%,24.2,21,Plan,18436,CNY,2015,0.2583,4762.59,196.8,Plan,https://www.ndrc.gov.cn/fggz/zcssfz/zcgh/201601/t20160112_1145713.html
7953,CN,Fuzhou,Line 6,2015,2019,0,40.5,79.01%,32,20,Plan,27716,CNY,2015,0.2583,7159.91,176.79,Plan,https://www.ndrc.gov.cn/fggz/zcssfz/zcgh/201601/t20160112_1145713.html
7778,CN,Guangzhou,Line 13 Phase 2,2017,2021,0,33.6,100.00%,33.6,23,Plan,37075,CNY,2017,0.239,8861.14,263.72,Plan,http://www.gov.cn/xinwen/2017-03/23/5180079/files/d764253433a944c0a620def88bf6f446.pdf
7779,CN,Guangzhou,Line 10,2017,2022,0,25.2,100.00%,25.2,19,Media,28920,CNY,2018,0.2379,6879.16,272.98,Media,https://www.bjhuizhu.com/Article/detail/id/1553.html
7811,CN,Guangzhou,Line 12,2018,2023,0,37.6,100.00%,37.6,25,Plan,35120,CNY,2017,0.239,8393.88,223.24,Plan,http://www.gov.cn/xinwen/2017-03/23/5180079/files/d764253433a944c0a620def88bf6f446.pdf
7851,CN,Guangzhou,Line 14 Phase 2,2017,2021,0,11.6,100.00%,11.6,7,Plan,9494,CNY,2017,0.239,2269.12,195.61,Plan,http://www.gov.cn/xinwen/2017-03/23/5180079/files/d764253433a944c0a620def88bf6f446.pdf
7859,CN,Guangzhou,Line 22,2017,2020,0,31.8,100.00%,31.8,6,Plan,25865,CNY,2017,0.239,6181.88,194.4,Plan,http://www.gov.cn/xinwen/2017-03/23/5180079/files/d764253433a944c0a620def88bf6f446.pdf
7865,CN,Guangzhou,Line 5 Eastern Extension,2018,2022,0,9.7,100.00%,9.7,6,Plan,7862,CNY,2017,0.239,1879.06,193.72,Plan,http://www.gov.cn/xinwen/2017-03/23/5180079/files/d764253433a944c0a620def88bf6f446.pdf
7915,CN,Guangzhou,Line 7 Phase 2,2018,2022,0,21.8,100.00%,21.8,11,Plan,16235,CNY,2017,0.239,3880.26,177.99,Plan,http://www.gov.cn/xinwen/2017-03/23/5180079/files/d764253433a944c0a620def88bf6f446.pdf
7922,CN,Guangzhou,Line 18,2017,2020,0,62.5,100.00%,62.5,9,Plan,46051,CNY,2017,0.239,11006.45,176.1,Plan,http://www.gov.cn/xinwen/2017-03/23/5180079/files/d764253433a944c0a620def88bf6f446.pdf
8040,CN,Guangzhou,Line 3 Eastern Extension,2019,2022,0,9.6,100.00%,9.6,4,Plan,5698,CNY,2017,0.2382,1357.26,141.38,Plan,http://www.gov.cn/xinwen/2017-03/23/5180079/files/d764253433a944c0a620def88bf6f446.pdf
9486,CN,Guangzhou,Line 13 Phase 1,2013,2017,0,27.03,100.00%,27.03,11,Media,19038,CNY,2013,0.2729,5195.96,192.23,Media,http://www.dcement.com/Article/201310/117609.html
7931,CN,Guiyang,Line 3 Phase 1,2018,2023,0,43.135,100.00%,43.135,29,Media,31545,CNY,2017,0.239,7539.44,174.79,Media,https://baike.baidu.com/item/%E8%B4%B5%E9%98%B3%E8%BD%A8%E9%81%93%E4%BA%A4%E9%80%9A3%E5%8F%B7%E7%BA%BF/16024214#reference-[2]-15957490-wrap
7976,CN,Guiyang,Line 2 Phase 2,2017,2022,0,12.8,81.25%,10.4,8,Plan,8475,CNY,2016,0.239,2025.57,158.25,Plan,http://zfxxgk.ndrc.gov.cn/web/iteminfo.jsp?id=362
8011,CN,Guiyang,S2 Phase 1 North,2017,2021,0,32.1,98.44%,31.6,16,Plan,20430,CNY,2016,0.239,4882.89,152.11,Plan,http://zfxxgk.ndrc.gov.cn/web/iteminfo.jsp?id=362
8058,CN,Guiyang,S1 Phase 1,2016,2020,0,28.5,52.98%,15.1,12,Plan,15479,CNY,2016,0.239,3699.57,129.81,Plan,http://zfxxgk.ndrc.gov.cn/web/iteminfo.jsp?id=362
9491,CN,Guiyang,Line 1 Phase 1,2013,2017,0,34.3,84.55%,29,25,Media,19370,CNY,2010,0.3004,5818.75,169.64,Media,https://zh.wikipedia.org/wiki/%E8%B4%B5%E9%98%B3%E8%BD%A8%E9%81%93%E4%BA%A4%E9%80%9A1%E5%8F%B7%E7%BA%BF
7729,CN,Hangzhou,Line 1 Phase 1,2007,2012,0,48,NA,NA,31,Plan,22076,CNY,2007,0.3323,7335.85,152.83,Plan,https://tieba.baidu.com/p/4042648134?red_tag=1976143705; https://www.sohu.com/a/277774667_180330; http://zzhz.zjol.com.cn/05zzhz/system/2007/01/10/008096707.shtml
7818,CN,Hangzhou,Line 9 Phase 1,2017,2022,0,17.8,NA,NA,14,Plan,15657,CNY,2016,0.2507,3925.04,220.51,Plan,https://www.ndrc.gov.cn/xxgk/zcfb/ghwb/201612/W020190905497886107757.pdf
7835,CN,Hangzhou,Line 10 Phase 1,2018,2022,0,15.9,100.00%,15.9,13,Plan,13109,CNY,2016,0.2507,3286.29,206.68,Plan,https://www.ndrc.gov.cn/xxgk/zcfb/ghwb/201612/W020190905497886107757.pdf
7866,CN,Hangzhou,Line 6 Phase 2,2017,2022,0,8.3,100.00%,8.3,6,Plan,6550,CNY,2016,0.2507,1642.02,197.83,Plan,https://www.ndrc.gov.cn/xxgk/zcfb/ghwb/201612/W020190905497886107757.pdf
7907,CN,Hangzhou,Line 4 Phase 2,2017,2022,0,23.4,NA,NA,15,Plan,17388,CNY,2016,0.2507,4358.99,186.28,Plan,https://www.ndrc.gov.cn/xxgk/zcfb/ghwb/201612/W020190905497886107757.pdf
7914,CN,Hangzhou,Line 8 Phase 1,2018,2022,0,17.2,100.00%,17.2,8,Plan,12638,CNY,2016,0.2507,3168.21,184.2,Plan,https://www.ndrc.gov.cn/xxgk/zcfb/ghwb/201612/W020190905497886107757.pdf
7921,CN,Hangzhou,Line 3 Phase 1,2017,2021,0,52.2,100.00%,52.2,35,Plan,37759,CNY,2016,0.2507,9465.78,181.34,Plan,https://www.ndrc.gov.cn/xxgk/zcfb/ghwb/201612/W020190905497886107757.pdf
7937,CN,Hangzhou,Line 1 Phase 3,2017,2022,0,11.5,100.00%,11.5,5,Plan,7796,CNY,2016,0.2507,1954.37,169.95,Plan,https://www.ndrc.gov.cn/xxgk/zcfb/ghwb/201612/W020190905497886107757.pdf
8001,CN,Hangzhou,Line 7,2017,2021,0,45,100.00%,45,24,Plan,28997,CNY,2016,0.239,6930.45,154.01,Plan,https://www.ndrc.gov.cn/xxgk/zcfb/ghwb/201612/W020190905497886107757.pdf
8024,CN,Hangzhou,Line 2 Phase 3,2017,2020,0,1.6,NA,NA,1,Plan,988,CNY,2016,0.239,236.14,147.59,Plan,https://www.ndrc.gov.cn/xxgk/zcfb/ghwb/201612/W020190905497886107757.pdf
8057,CN,Hangzhou,Line 5 Phase 2,2017,2020,0,3.2,NA,NA,2,Plan,1754,CNY,2016,0.239,419.22,131.01,Plan,https://www.ndrc.gov.cn/xxgk/zcfb/ghwb/201612/W020190905497886107757.pdf
7739,CN,Hefei,Line 2 Eastern Extension,not start,NA,0,14.5,100.00%,14.5,11,Plan,10107,CNY,2020,0.2382,2407.49,166.03,Plan,http://zfxxgk.ndrc.gov.cn/web/iteminfo.jsp?id=16921
7744,CN,Hefei,Line 3 Southern Extension,not start,NA,0,11.25,100.00%,11.25,8,Plan,8968,CNY,2020,0.2382,2136.18,189.88,Plan,http://zfxxgk.ndrc.gov.cn/web/iteminfo.jsp?id=16921
7745,CN,Hefei,Line 4 Southern Extension,not start,NA,0,12.91,51.12%,6.6,7,Plan,7067,CNY,2020,0.2382,1683.36,130.39,Plan,http://zfxxgk.ndrc.gov.cn/web/iteminfo.jsp?id=16921
7746,CN,Hefei,Line 6 Phase 1,not start,NA,0,27.3,100.00%,27.3,17,Plan,20585,CNY,2020,0.2382,4903.35,179.61,Plan,http://zfxxgk.ndrc.gov.cn/web/iteminfo.jsp?id=16921
7747,CN,Hefei,Line 7 Phase 1,not start,NA,0,21,100.00%,21,17,Plan,16881,CNY,2020,0.2382,4021.05,191.48,Plan,http://zfxxgk.ndrc.gov.cn/web/iteminfo.jsp?id=16921
7752,CN,Hefei,Line 8 Phase 1,not start,NA,0,23,100.00%,23,12,Plan,16201,CNY,2020,0.2382,3859.08,167.79,Plan,http://zfxxgk.ndrc.gov.cn/web/iteminfo.jsp?id=16921
7936,CN,Hefei,Line 5 Phase 1,2016,2020,0,40.3,100.00%,40.3,34,Plan,28424,CNY,2014,0.266,7561.59,187.63,Plan,https://www.ndrc.gov.cn/xxgk/zcfb/tz/201412/W020190905507203840468.pdf
7946,CN,Hefei,Line 3 Phase 1,2014,2019,0,37.7,92.00%,34.6,32,Plan,26071,CNY,2014,0.266,6935.62,183.97,Plan,https://www.ndrc.gov.cn/xxgk/zcfb/tz/201412/W020190905507203840468.pdf
7971,CN,Hefei,Line 4 Phase 1,2015,2020,0,36,100.00%,36,28,Plan,24289,CNY,2014,0.266,6461.56,179.49,Plan,https://www.ndrc.gov.cn/xxgk/zcfb/tz/201412/W020190905507203840468.pdf
7978,CN,Hefei,Line 1 Phase 1+2,2012,NA,0,24.58,100.00%,24.58,26,Measured,16496,CNY,2012,0.2808,4632.41,188.46,Media,https://www.sohu.com/a/112444814_268310
7753,CN,Kunming,Line 1 Phase 1 and Line 2 Phase 1,2010,2014,0,42.1,69.83%,29.4,31,Plan,23137,CNY,2010,0.3004,6950.14,165.09,Media,https://www.kankanyn.com/jianwen/34919.html
7939,CN,Kunming,Line 1 Northwestern Extension,2014,2016,0,7.9,100.00%,7.9,7,Plan,5571,CNY,2013,0.2729,1520.47,192.46,Plan,http://zfxxgk.ndrc.gov.cn/web/iteminfo.jsp?id=12400
8019,CN,Kunming,Line 1 Feeder,2013,2015,0,5.2,100.00%,5.2,4,Plan,3306,CNY,2013,0.2729,902.29,173.52,Plan,http://zfxxgk.ndrc.gov.cn/web/iteminfo.jsp?id=12400
8051,CN,Kunming,Line 3 Phase 2,2016,2018,0,4,0.00%,NA,3,Plan,2267,CNY,2013,0.2729,618.72,154.68,Plan,http://zfxxgk.ndrc.gov.cn/web/iteminfo.jsp?id=12400
8072,CN,Kunming,Line 5,2015,2018,0,24,NA,NA,20,Plan,12911,CNY,2013,0.2729,3523.74,146.82,Plan,http://zfxxgk.ndrc.gov.cn/web/iteminfo.jsp?id=12400
8098,CN,Kunming,Line 4,2016,2019,0,43.5,100.00%,43.5,26,Plan,21564,CNY,2013,0.2729,5885.37,135.3,Plan,http://zfxxgk.ndrc.gov.cn/web/iteminfo.jsp?id=12400
8128,CN,Kunming,Line 6,2013,2015,0,25.4,NA,NA,6,Plan,10151,CNY,2013,0.2729,2770.47,109.07,Plan,http://zfxxgk.ndrc.gov.cn/web/iteminfo.jsp?id=12400
8137,CN,Kunming,Line 1 Southern Extension,2013,2015,0,7.3,NA,NA,3,Plan,2395,CNY,2013,0.2729,653.66,89.54,Plan,http://zfxxgk.ndrc.gov.cn/web/iteminfo.jsp?id=12400
8154,CN,Lanzhou,Line 2 Phase 1,2015,2020,0,9.4,100.00%,9.4,8,Plan,5762,CNY,2012,0.2808,1618.08,172.14,Plan,https://www.ndrc.gov.cn/fggz/zcssfz/zdgc/201209/t20120905_1145859.html
8155,CN,Lanzhou,Line 1 Phase 1,2011,2016,0,26.6,100.00%,26.6,20,Plan,17160,CNY,2012,0.2808,4818.87,181.16,Plan,https://www.ndrc.gov.cn/fggz/zcssfz/zdgc/201209/t20120905_1145859.html
7803,CN,Nanchang,Line 2 Eastern Extension,2017,2020,0,4.7,100.00%,4.7,4,Plan,4420,CNY,2015,0.2583,1141.82,242.94,Plan,http://zfxxgk.ndrc.gov.cn/web/iteminfo.jsp?id=316
7842,CN,Nanchang,Line 3,2015,2020,0,26.8,100.00%,26.8,NA,Plan,22050,CNY,2015,0.2889,6370.99,237.72,Plan,http://zfxxgk.ndrc.gov.cn/web/iteminfo.jsp?id=316
7905,CN,Nanchang,Line 4 Phase 1,2016,2021,0,38.2,84.29%,32.2,29,Plan,28650,CNY,2015,0.2583,7401.19,193.75,Plan,http://zfxxgk.ndrc.gov.cn/web/iteminfo.jsp?id=316
8091,CN,Nanchang,Line 1 Eastern Extension,2018,2021,0,4.1,100.00%,4.1,2,Plan,2040,CNY,2015,0.2729,556.77,135.8,Plan,http://zfxxgk.ndrc.gov.cn/web/iteminfo.jsp?id=316
8107,CN,Nanchang,Line 2 Western Extension,2015,2018,0,8.5,100.00%,8.5,7,Plan,3930,CNY,2015,0.2729,1072.6,126.19,Plan,http://zfxxgk.ndrc.gov.cn/web/iteminfo.jsp?id=316
7730,CN,Nanjing,Line 1 Phase 1,2000,2005,0,21.72,65.98%,14.33,16,Media,8500,CNY,2000,0.3678,3126.15,143.93,Media,https://baike.baidu.com/item/%E5%8D%97%E4%BA%AC%E5%9C%B0%E9%93%811%E5%8F%B7%E7%BA%BF
7825,CN,Nanjing,Line 5,2015,2020,0,37.2,100.00%,37.2,29,Plan,31680,CNY,2015,0.2583,8183.93,220,Plan,https://www.ndrc.gov.cn/fggz/zcssfz/zcgh/201505/W020190910670534928118.pdf
7834,CN,Nanjing,Line 1 Northern Extension,2015,2019,0,7.2,93.00%,6.7,5,Plan,5940,CNY,2015,0.2583,1534.49,213.12,Plan,https://www.ndrc.gov.cn/fggz/zcssfz/zcgh/201505/W020190910670534928118.pdf
7848,CN,Nanjing,Line 4 Phase 2,2016,2020,0,9.7,100.00%,9.7,6,Plan,7895,CNY,2016,0.2507,1979.19,204.04,Plan,https://www.ndrc.gov.cn/xxgk/zcfb/ghwb/201611/W020190905497856961234.pdf
7850,CN,Nanjing,Line 10 Phase 2,2017,2020,0,12.1,100.00%,12.1,7,Plan,9720,CNY,2015,0.2583,2510.98,207.52,Plan,https://www.ndrc.gov.cn/fggz/zcssfz/zcgh/201505/W020190910670534928118.pdf
7875,CN,Nanjing,Line 9 Phase 1,2016,2020,0,18,100.00%,18,15,Plan,14110,CNY,2015,0.2583,3645.05,202.5,Plan,https://www.ndrc.gov.cn/fggz/zcssfz/zcgh/201505/W020190910670534928118.pdf
7891,CN,Nanjing,Line 2 Western Extension,2017,2020,0,5.6,100.00%,5.6,4,Plan,4280,CNY,2015,0.2583,1105.66,197.44,Plan,https://www.ndrc.gov.cn/fggz/zcssfz/zcgh/201505/W020190910670534928118.pdf
7897,CN,Nanjing,Line 7,2016,2020,0,35.7,100.00%,35.7,25,Plan,27220,CNY,2015,0.2583,7031.77,196.97,Plan,https://www.ndrc.gov.cn/fggz/zcssfz/zcgh/201505/W020190910670534928118.pdf
7945,CN,Nanjing,Line 6,2016,2020,0,34.8,100.00%,34.8,17,Plan,23900,CNY,2015,0.2583,6174.12,177.42,Plan,https://www.ndrc.gov.cn/fggz/zcssfz/zcgh/201505/W020190910670534928118.pdf
7947,CN,Nanjing,Line S8 Southern Extension,2017,2020,0,2.5,100.00%,2.5,2,Plan,1711,CNY,2016,0.239,408.94,163.58,Plan,https://www.ndrc.gov.cn/xxgk/zcfb/ghwb/201611/W020190905497856961234.pdf
7969,CN,Nanjing,Line 11 Phase 1,2017,2021,0,27,95.93%,25.9,20,Plan,18171,CNY,2016,0.239,4342.97,160.85,Plan,https://www.ndrc.gov.cn/xxgk/zcfb/ghwb/201611/W020190905497856961234.pdf
8080,CN,Nanjing,Line 3 Phase 3,2015,2017,0,6.6,100.00%,6.6,2,Plan,3370,CNY,2015,0.2583,870.58,131.91,Plan,https://www.ndrc.gov.cn/fggz/zcssfz/zcgh/201505/W020190910670534928118.pdf
7857,CN,Nanning,Line 5 Phase 1,2016,2020,0,20.6,100.00%,20.6,18,Media,15311,CNY,2015,0.2583,3955.31,192.01,Media,http://gx.people.com.cn/n/2015/0520/c179430-24930122-2.html
7896,CN,Nanning,Line 2 Eastern Extension,2017,2021,0,6.5,100.00%,6.5,4,Media,4898,CNY,2017,0.239,1170.65,180.1,Media,http://www.nngdjt.com/html/4061/8670.html
7929,CN,Nanning,Line 4 Phase 1,2015,2019,0,21.4,100.00%,21.4,17,Plan,15119,CNY,2015,0.2583,3905.71,182.51,Plan,https://www.ndrc.gov.cn/xxgk/zcfb/ghwb/201505/t20150518_962149.html
7930,CN,Nanning,Line 3 Phase1,2015,2019,0,27.7,100.00%,27.7,23,Plan,19343,CNY,2015,0.2583,4996.9,180.39,Media,http://www.nngdjt.com/html/4061/6290.html
7658,CN,Shanghai,Line 2 Eastern Extension 1,1999,2000,0,2.72,31.99%,0.87,1,Wiki,314.77,CNY,1999,0.37,116.46,42.82,Plan,https://zh.wikipedia.org/wiki/%E4%B8%8A%E6%B5%B7%E8%BD%A8%E9%81%93%E4%BA%A4%E9%80%9A2%E5%8F%B7%E7%BA%BF
7659,CN,Shanghai,Line 2 Western Extension 1,2001,2006,0,6.155,100.00%,6.155,4,Wiki,3488.42,CNY,2004,0.3545,1236.64,200.92,Plan,https://zh.wikipedia.org/wiki/%E4%B8%8A%E6%B5%B7%E8%BD%A8%E9%81%93%E4%BA%A4%E9%80%9A2%E5%8F%B7%E7%BA%BF
7664,CN,Shanghai,Line 2 Eastern Extension 2,2006,2010,0,30.8,69.81%,21.5,10,Measured,11032,CNY,2008,0.3143,3467.36,112.58,Plan,https://zh.wikipedia.org/wiki/%E4%B8%8A%E6%B5%B7%E8%BD%A8%E9%81%93%E4%BA%A4%E9%80%9A2%E5%8F%B7%E7%BA%BF
7666,CN,Shanghai,Line 3,1997,2000,0,24.975,0.00%,0,19,Wiki,9378,CNY,1998,0.37,3469.86,138.93,Plan,https://zh.wikipedia.org/wiki/%E4%B8%8A%E6%B5%B7%E8%BD%A8%E9%81%93%E4%BA%A4%E9%80%9A3%E5%8F%B7%E7%BA%BF
7673,CN,Shanghai,Line 5 Phase 1,2000,2002,0,17.206,0.00%,0,11,Wiki,3437,CNY,2001,0.3683,1265.85,73.57,Plan,https://zh.wikipedia.org/wiki/%E4%B8%8A%E6%B5%B7%E8%BD%A8%E9%81%93%E4%BA%A4%E9%80%9A5%E5%8F%B7%E7%BA%BF
7674,CN,Shanghai,Line 5 Southern Extension,2014,2018,0,19.628,39.47%,7.747,9,Wiki,10619,CNY,2016,0.2507,2662.18,135.63,Plan,https://zh.wikipedia.org/wiki/%E4%B8%8A%E6%B5%B7%E8%BD%A8%E9%81%93%E4%BA%A4%E9%80%9A5%E5%8F%B7%E7%BA%BF
7675,CN,Shanghai,Line 7 Phase 1,2005,2009,0,34.388,100.00%,34.388,28,Wiki,18700,CNY,2007,0.3323,6214.01,180.7,Plan,https://zh.wikipedia.org/wiki/%E4%B8%8A%E6%B5%B7%E8%BD%A8%E9%81%93%E4%BA%A4%E9%80%9A7%E5%8F%B7%E7%BA%BF
7680,CN,Shanghai,Line 7 Northern Extension,2009,2011,0,9.978,70.25%,7.01,5,Wiki,3157,CNY,2010,0.3004,948.36,95.05,Plan,https://zh.wikipedia.org/wiki/%E4%B8%8A%E6%B5%B7%E8%BD%A8%E9%81%93%E4%BA%A4%E9%80%9A7%E5%8F%B7%E7%BA%BF
7683,CN,Shanghai,Line 9 Phase 2,2005,2009,0,14.5,100.00%,14.5,10,Wiki,8940,CNY,2007,0.3323,2970.76,204.88,Plan,https://zh.wikipedia.org/wiki/%E4%B8%8A%E6%B5%B7%E8%BD%A8%E9%81%93%E4%BA%A4%E9%80%9A9%E5%8F%B7%E7%BA%BF
7688,CN,Shanghai,Line 9 Phase 3,2009,2012,0,5.372,100.00%,5.372,3,Wiki,2800,CNY,2010,0.3004,841.12,156.57,Plan,https://zh.wikipedia.org/wiki/%E4%B8%8A%E6%B5%B7%E8%BD%A8%E9%81%93%E4%BA%A4%E9%80%9A9%E5%8F%B7%E7%BA%BF
7689,CN,Shanghai,Line 9 Phase 3 Eastern Extension,2013,2017,0,13.828,100.00%,13.828,9,Wiki,12713,CNY,2015,0.2583,3283.77,237.47,Plan,https://zh.wikipedia.org/wiki/%E4%B8%8A%E6%B5%B7%E8%BD%A8%E9%81%93%E4%BA%A4%E9%80%9A9%E5%8F%B7%E7%BA%BF
7690,CN,Shanghai,Line 10 Phase 1,2005,2010,0,36.221,100.00%,36.221,31,Wiki,23784,CNY,2007,0.3323,7903.42,218.2,Plan,https://zh.wikipedia.org/wiki/%E4%B8%8A%E6%B5%B7%E8%BD%A8%E9%81%93%E4%BA%A4%E9%80%9A10%E5%8F%B7%E7%BA%BF
7691,CN,Shanghai,Line 11 Phase 1,2007,2009,0,46.008,47.11%,21.676,21,Wiki,18950,CNY,2008,0.3143,5955.99,129.46,Plan,https://zh.wikipedia.org/wiki/%E4%B8%8A%E6%B5%B7%E8%BD%A8%E9%81%93%E4%BA%A4%E9%80%9A11%E5%8F%B7%E7%BA%BF
7754,CN,Shanghai,Line 1 Western Extension,NA,NA,0,1.2,0.00%,0,1,Plan,3575,CNY,2018,0.2379,850.38,708.65,Plan,https://www.ndrc.gov.cn/fggz/zcssfz/zcgh/201812/W020190910670719961874.pdf
7755,CN,Shanghai,Line 20 Phase 1,NA,NA,0,19.8,100.00%,19.8,16,Plan,39354,CNY,2018,0.2379,9361.08,472.78,Plan,https://www.ndrc.gov.cn/fggz/zcssfz/zcgh/201812/W020190910670719961874.pdf
7762,CN,Shanghai,Line 19,NA,NA,0,44.5,100.00%,44.5,32,Plan,60524,CNY,2018,0.2379,14396.76,323.52,Plan,https://www.ndrc.gov.cn/fggz/zcssfz/zcgh/201812/t20181219_1145778.html; http://shanghai.metrofans.cn/thread-443669-1-1.html
7763,CN,Shanghai,Line 21 Phase 1,NA,NA,0,28,100.00%,28,16,Plan,36956,CNY,2018,0.2379,8790.68,313.95,Plan,https://www.ndrc.gov.cn/fggz/zcssfz/zcgh/201812/W020190910670719961874.pdf; https://baike.baidu.com/item/%E4%B8%8A%E6%B5%B7%E5%9C%B0%E9%93%8121%E5%8F%B7%E7%BA%BF
7768,CN,Shanghai,Line 13 Western Extension,NA,NA,0,9.8,100.00%,9.8,5,Plan,12629,CNY,2018,0.2379,3004.04,306.54,Plan,https://www.ndrc.gov.cn/fggz/zcssfz/zcgh/201812/W020190910670719961874.pdf
7770,CN,Shanghai,Line 23 Phase 1,NA,NA,0,28,100.00%,28,22,Plan,33729,CNY,2018,0.2379,8023.07,286.54,Plan,https://www.ndrc.gov.cn/fggz/zcssfz/zcgh/201812/W020190910670719961874.pdf
7819,CN,Shanghai,Jiamin,NA,NA,0,41.6,84.00%,35,15,Plan,37101,CNY,2018,0.2379,8825.17,212.14,Plan,https://www.ndrc.gov.cn/fggz/zcssfz/zcgh/201812/W020190910670719961874.pdf
7858,CN,Shanghai,Line 8 Phase 1,NA,2009,0,23.22,100.00%,23.22,22,Media,14493,CNY,2001,0.3683,5338.12,229.89,Media,https://zh.wikipedia.org/wiki/%E4%B8%8A%E6%B5%B7%E8%BD%A8%E9%81%93%E4%BA%A4%E9%80%9A8%E5%8F%B7%E7%BA%BF
7954,CN,Shanghai,Airport Contact Line,2019,2025,0,68.6,83.00%,56.7,9,Plan,48054,CNY,2018,0.2379,11430.54,166.63,Plan,https://www.ndrc.gov.cn/fggz/zcssfz/zcgh/201812/W020190910670719961874.pdf
8043,CN,Shanghai,Chongming,NA,NA,0,44.6,59.00%,26.1,8,Plan,26426,CNY,2018,0.2379,6285.92,140.94,Plan,https://www.ndrc.gov.cn/fggz/zcssfz/zcgh/201812/W020190910670719961874.pdf; https://xxgk.eic.sh.cn/jsxmxxgk/eiareport/action/jsxm_eiaReportDetail.do?from=jsxm&stEiaId=3ddc18bc-61f2-41e9-af7a-02be49b0e715&type=%E6%8A%A5%E5%91%8A%E4%B9%A6
8105,CN,Shanghai,Line 11 (to Disney),NA,2016,0,9.15,15.96%,1.46,3,Media,4371,CNY,2012,0.2808,1227.46,134.15,Media,https://zh.wikipedia.org/wiki/%E4%B8%8A%E6%B5%B7%E8%BD%A8%E9%81%93%E4%BA%A4%E9%80%9A11%E5%8F%B7%E7%BA%BF
8113,CN,Shanghai,Line 6,2002,2011,0,33.09,63.61%,21.05,28,Plan,12000,CNY,2002,0.3719,4462.63,134.86,Media,https://zh.wikipedia.org/wiki/%E4%B8%8A%E6%B5%B7%E8%BD%A8%E9%81%93%E4%BA%A4%E9%80%9A6%E5%8F%B7%E7%BA%BF
8136,CN,Shanghai,Line 8 Phase 3 (Pujiang Line),2016,2018,0,6.689,0.00%,0,6,Media,3177,CNY,2015,0.2729,867.09,129.63,Media,https://zh.wikipedia.org/wiki/%E4%B8%8A%E6%B5%B7%E8%BD%A8%E9%81%93%E4%BA%A4%E9%80%9A%E6%B5%A6%E6%B1%9F%E7%BA%BF#cite_note-4
9461,CN,Shanghai,Line 15,2015,2020,0,42.3,100.00%,42.3,30,Media,47650,CNY,2014,0.266,12676.24,299.67,Media,https://www.wikiwand.com/zh/%E4%B8%8A%E6%B5%B7%E5%9C%B0%E9%93%81; http://jz.docin.com/p-947723260.html
9462,CN,Shanghai,Line 14,2016,2020,0,38.514,100.00%,38.514,31,Media,57686,CNY,2013,0.2729,15744,408.79,Media,https://max.book118.com/html/2017/0817/128471200.shtm
9467,CN,Shanghai,Line 16,2010,2014,0,58.96,23.22%,13.69,NA,Media,18160,CNY,2010,0.3004,5455.264,92.52,Media,https://www.sohu.com/a/134664821_249521;  https://zh.wikipedia.org/wiki/%E4%B8%8A%E6%B5%B7%E8%BD%A8%E9%81%93%E4%BA%A4%E9%80%9A16%E5%8F%B7%E7%BA%BF
7923,CN,Shenyang,Line 6 Phase 1,2020,2026,0,36,NA,NA,32,Plan,26350,CNY,2019,0.2382,6276.8,174.36,Media,http://www.shenyangbus.com/a/sydt/2018/1227/10268.html
7938,CN,Shenyang,Line 2 Southern Extension,NA,NA,0,14.3,NA,NA,8,Plan,10170,CNY,2019,0.2382,2422.58,169.41,Media,http://www.shenyangbus.com/a/sydt/2018/1227/10268.html
7968,CN,Shenyang,Line 1 Eastern Extension,2020,2025,0,15,100.00%,15,9,Plan,10350,CNY,2019,0.2382,2465.46,164.36,Media,http://www.shenyangbus.com/a/sydt/2018/1227/10268.html; https://3g.163.com/dy/article_cambrian/FBU1V3JE052590Q7.html
8035,CN,Shenyang,Line 3 Phase 1,2019,2025,0,38.4,NA,NA,28,Plan,23130,CNY,2019,0.2382,5509.77,143.48,Media,http://www.shenyangbus.com/a/sydt/2018/1227/10268.html
7706,CN,Shenzhen,Line 6 Phase 1,2015,2020,0,37.626,34.58%,13.01,20,Media,16800,CNY,2013,0.2729,4585.15,121.86,Media,https://web.archive.org/web/20130322011109/http://www.sz.gov.cn/cn/xxgk/szgg/tzgg/201303/t20130313_2114458.htm
7707,CN,Shenzhen,Line 6 (feeder),2018,2022,0,6.13,86.54%,5.305,4,Media,3795,CNY,2018,0.2379,902.71,147.26,Media,http://fgw.sz.gov.cn/zwgk/qt/tzgg/201902/P020190226346098115982.pdf; https://www.sohu.com/a/224155978_729676
7712,CN,Shenzhen,Line 3 Phase 4,NA,2022,0,9.35,79.36%,7.42,7,Plan,10785,CNY,2020,0.2382,2568.99,274.76,Plan,https://www.ndrc.gov.cn/xxgk/zcfb/ghwb/201707/W020190905497930956563.pdf
7713,CN,Shenzhen,Line 12 Phase 2,not start,NA,0,8.05,100.00%,8.05,6,Plan,9094,CNY,2020,0.2382,2166.19,269.09,Media,https://huacheng.gz-cmc.com/pages/2020/09/02/12217064331742859f82edec5e61f9ff.html
7714,CN,Shenzhen,Line 13 Northern Extension,2020,NA,0,18.8,100.00%,18.8,11,Plan,22918,CNY,2020,0.2382,5459.07,290.38,Media,http://jt.sz.bendibao.com/z/metro/xl_617.shtml; https://zh.wikipedia.org/wiki/%E6%B7%B1%E5%9C%B3%E5%9C%B0%E9%90%B513%E8%99%9F%E7%B7%9A
7715,CN,Shenzhen,Line 13 Southern Extension,2020,2025,0,4.47,100.00%,4.47,3,Plan,4962,CNY,2020,0.2382,1181.95,264.42,Plan,https://www.ndrc.gov.cn/xxgk/zcfb/ghwb/201707/W020190905497930956563.pdf
7720,CN,Shenzhen,Line 16 Phase 2,not start,NA,0,9.53,100.00%,9.53,7,Plan,10995,CNY,2020,0.2382,2619.01,274.82,Plan,http://fgw.sz.gov.cn/zwgk/qt/tzgg/content/post_7256583.html
7721,CN,Shenzhen,Line 7 Phase 2,not start,NA,0,2.45,100.00%,2.45,2,Plan,2806,CNY,2020,0.2382,668.39,272.81,Plan,https://www.ndrc.gov.cn/xxgk/zcfb/tz/202004/t20200410_1225513.html
7722,CN,Shenzhen,Line 8 Phase 3,NA,2025,0,4.26,100.00%,4.26,NA,Plan,8318,CNY,2020,0.2382,1981.35,465.11,Plan,https://www.ndrc.gov.cn/xxgk/zcfb/ghwb/201707/W020190905497930956563.pdf
7723,CN,Shenzhen,Line 11 Phase 2,not start,NA,0,5.58,100.00%,5.58,3,Plan,6634,CNY,2020,0.2382,1580.22,283.19,Plan,https://www.ndrc.gov.cn/xxgk/zcfb/ghwb/201707/W020190905497930956563.pdf
7728,CN,Shenzhen,Line 20 Phase 1,2020,2021,0,8.43,100.00%,8.43,5,Media,12516,CNY,2020,0.2382,2981.31,353.65,Media,https://zh.wikipedia.org/wiki/%E6%B7%B1%E5%9C%B3%E5%9C%B0%E9%90%B520%E8%99%9F%E7%B7%9A; https://dy.163.com/article/FL78MJRI0539880T.html
7771,CN,Shenzhen,Line 13,2018,2023,0,23,100.00%,23,14,Plan,21480,CNY,2017,0.239,5133.84,223.21,Plan,https://www.ndrc.gov.cn/xxgk/zcfb/ghwb/201707/W020190905497930956563.pdf
7784,CN,Shenzhen,Line 12,2017,2022,0,40,100.00%,40,33,Plan,38140,CNY,2017,0.239,9115.68,227.89,Plan,https://www.ndrc.gov.cn/xxgk/zcfb/ghwb/201707/W020190905497930956563.pdf
7810,CN,Shenzhen,Line 16,2018,2023,0,27.6,100.00%,27.6,24,Media,27530,CNY,2017,0.239,6579.83,238.4,Plan,https://www.ndrc.gov.cn/xxgk/zcfb/ghwb/201707/W020190905497930956563.pdf
7827,CN,Shenzhen,Line 14,2018,2022,0,51.9,100.00%,51.9,17,Plan,42970,CNY,2017,0.239,10270.08,197.88,Plan,https://www.ndrc.gov.cn/xxgk/zcfb/ghwb/201707/W020190905497930956563.pdf
7920,CN,Suzhou,Line 7,NA,NA,0,27,100.00%,27,23,Plan,18560,CNY,2018,0.2379,4414.84,163.51,Plan,https://www.ndrc.gov.cn/xxgk/zcfb/ghwb/201809/W020190905497960329280.pdf
7995,CN,Suzhou,Line 8,NA,NA,0,35.2,100.00%,35.2,26,Plan,23660,CNY,2018,0.2379,5627.97,159.89,Plan,https://www.ndrc.gov.cn/xxgk/zcfb/ghwb/201809/W020190905497960329280.pdf
8000,CN,Suzhou,Line S1,NA,2023,0,41,100.00%,41,27,Plan,27370,CNY,2018,0.2379,6510.47,158.79,Plan,https://www.ndrc.gov.cn/xxgk/zcfb/ghwb/201809/W020190905497960329280.pdf
8009,CN,Suzhou,Line 6,2018,2023,0,34.2,100.00%,34.2,28,Plan,23740,CNY,2018,0.2379,5647,165.12,Plan,https://www.ndrc.gov.cn/xxgk/zcfb/ghwb/201809/W020190905497960329280.pdf
8002,CN,Taiyuan,Line 1 Phase 1,2014,2018,0,24.1,NA,NA,21,Plan,15790,CNY,2012,0.2808,4434.15,183.99,Media,http://finance.sina.com.cn/roll/20120905/131013052588.shtml
8033,CN,Taiyuan,Line 2 Phase 1,2012,2016,0,25.1,NA,NA,22,Plan,15139,CNY,2012,0.2808,4251.33,169.38,Media,http://finance.sina.com.cn/roll/20120905/131013052588.shtml
7787,CN,Tianjin,M8 Phase 1,2017,2020,0,20,100.00%,20,18,Plan,20053,CNY,2015,0.2583,5180.32,259.02,Media,https://wenku.baidu.com/view/801ab19a8ad63186bceb19e8b8f67c1cfbd6ee6e.html
7800,CN,Tianjin,M10 Phase 1,2015,2020,0,24,100.00%,24,23,Plan,23203,CNY,2015,0.2583,5994.06,249.75,Media,https://wenku.baidu.com/view/801ab19a8ad63186bceb19e8b8f67c1cfbd6ee6e.html
7801,CN,Tianjin,M7 Phase 1,2017,2020,0,26.9,100.00%,26.9,24,Plan,25704,CNY,2015,0.2583,6640.14,246.85,Media,https://wenku.baidu.com/view/801ab19a8ad63186bceb19e8b8f67c1cfbd6ee6e.html
7809,CN,Tianjin,M11 Phase 1,2017,2020,0,25.4,100.00%,25.4,25,Plan,23607,CNY,2015,0.2583,6098.42,240.1,Media,https://wenku.baidu.com/view/801ab19a8ad63186bceb19e8b8f67c1cfbd6ee6e.html
7826,CN,Tianjin,B1 Phase 1,2015,2020,0,31.4,90.13%,28.3,22,Plan,26488,CNY,2015,0.2583,6842.68,217.92,Media,http://www.rail-transit.com/file/upload/201907/15/10573644162.pdf
7984,CN,Tianjin,Z4 Phase 1,2015,2020,0,43.7,34.55%,15.1,20,Plan,28699,CNY,2015,0.2583,7413.85,169.65,Media,http://www.rail-transit.com/file/upload/201907/15/10573644162.pdf
8050,CN,Tianjin,Z2 Phase 1,2017,2020,0,52.8,33.90%,17.9,5,Plan,29975,CNY,2015,0.2583,7743.48,146.66,Media,https://wenku.baidu.com/view/801ab19a8ad63186bceb19e8b8f67c1cfbd6ee6e.html
8120,CN,Tianjin,M3 Phase 2,NA,NA,0,3.9,0.00%,0,3,Plan,1704,CNY,2015,0.2729,465.07,119.25,Media,https://wenku.baidu.com/view/801ab19a8ad63186bceb19e8b8f67c1cfbd6ee6e.html
8146,CN,Wenzhou,S1 Phase 1,2013,2019,0,53.5,18.69%,10,21,Media,18606.83,CNY,2014,0.266,4949.94,92.52,Media,http://zjjcmspublic.oss-cn-hangzhou-zwynet-d01-a.internet.cloud.zj.gov.cn/jcms_files/jcms1/web1825/site/attach/0/150120083915404.pdf
8147,CN,Wenzhou,S2 Phase 1,NA,NA,0,70.299,NA,NA,NA,Media,26200,CNY,2014,0.266,6969.94,99.15,Media,http://zjjcmspublic.oss-cn-hangzhou-zwynet-d01-a.internet.cloud.zj.gov.cn/jcms_files/jcms1/web1825/site/attach/0/150120083915404.pdf
7731,CN,Wuhan,Line 1 Phase 1,2000,2003,0,10.234,0.00%,0,10,Wiki,2199,CNY,2000,0.3678,808.75,79.03,Media,https://zh.wikipedia.org/wiki/%E6%AD%A6%E6%B1%89%E8%BD%A8%E9%81%93%E4%BA%A4%E9%80%9A1%E5%8F%B7%E7%BA%BF#%E4%B8%80%E6%9C%9F%E5%B7%A5%E7%A8%8B; https://baike.baidu.com/item/%E6%AD%A6%E6%B1%89%E5%9C%B0%E9%93%811%E5%8F%B7%E7%BA%BF/
7736,CN,Wuhan,Line 1 Phase 2,2005,2010,0,18.25,0.00%,0,16,Media,4649.8,CNY,2005,0.3517,1635.33,89.61,Media,https://zh.wikipedia.org/wiki/%E6%AD%A6%E6%B1%89%E8%BD%A8%E9%81%93%E4%BA%A4%E9%80%9A1%E5%8F%B7%E7%BA%BF#%E4%B8%80%E6%9C%9F%E5%B7%A5%E7%A8%8B; https://baike.baidu.com/item/%E6%AD%A6%E6%B1%89%E5%9C%B0%E9%93%811%E5%8F%B7%E7%BA%BF/
7737,CN,Wuhan,Line 1 Phase 3 Hankou North,2011,2013,0,5.7,0.00%,0,3,Media,2361,CNY,2011,0.2838,670.05,117.55,Media,https://zh.wikipedia.org/wiki/%E6%AD%A6%E6%B1%89%E8%BD%A8%E9%81%93%E4%BA%A4%E9%80%9A1%E5%8F%B7%E7%BA%BF#%E4%B8%80%E6%9C%9F%E5%B7%A5%E7%A8%8Bï¼› http://www.whtpi.com/Service/22/1645.html
7761,CN,Wuhan,Line 11 Phase 3,NA,NA,0,9.9,100.00%,9.9,6,Plan,13515,CNY,2019,0.2382,3219.39,325.19,Plan,http://www.gov.cn/xinwen/2019-01/06/5355294/files/c3d503decf1d4b6b924324b210ee0f1a.pdf
7802,CN,Wuhan,Line 12 (Ring),2020,2024,0,59.9,100.00%,59.9,37,Plan,58387,CNY,2018,0.2379,13888.44,231.86,Plan,http://www.gov.cn/xinwen/2019-01/06/5355294/files/c3d503decf1d4b6b924324b210ee0f1a.pdf
7817,CN,Wuhan,Line 2 Southern Extension,NA,NA,0,13.35,100.00%,13.35,10,Media,16017,CNY,2014,0.266,4260.97,319.17,Media,https://baike.baidu.com/reference/17605858/8a2eRI10Oo3jPyB3RZawIu33fUj3OmCx5fKTFCUCJXoq4BKXZ94NcZoLUG7NPyweTNKYwYHoa5qBIK1P24XE4PGoXEqagKR9-p1ks_BmNh00igM
7840,CN,Wuhan,Line 8 Phase 2,2018,2021,0,16.7,100.00%,16.7,12,Plan,13772,CNY,2015,0.2583,3557.74,213.04,Plan,http://img.thupdi.com/news/2015/08/1440573393290975.pdf
7849,CN,Wuhan,Line 19,NA,NA,0,20.6,100.00%,20.6,6,Plan,17190,CNY,2018,0.2379,4088.96,198.49,Plan,http://www.gov.cn/xinwen/2019-01/06/5355294/files/c3d503decf1d4b6b924324b210ee0f1a.pdf
7881,CN,Wuhan,Line 5,2017,2021,0,31.9,100.00%,31.9,27,Plan,24964,CNY,2015,0.2583,6448.98,202.16,Media,http://img.thupdi.com/news/2015/08/1440573393290975.pdf
7890,CN,Wuhan,Line 11 East,2017,2021,0,32.1,100.00%,32.1,20,Plan,24620,CNY,2015,0.2583,6360.11,198.13,Plan,http://img.thupdi.com/news/2015/08/1440573393290975.pdf
7962,CN,Wuhan,Line 7 South,2016,2020,0,14.2,100.00%,14.2,7,Plan,9600,CNY,2015,0.2583,2479.98,174.65,Plan,http://img.thupdi.com/news/2015/08/1440573393290975.pdf
7979,CN,Wuhan,Line 4 Western Extension,2016,2018,0,4,85.00%,3.4,2,Plan,2634,CNY,2015,0.2583,680.44,170.11,Plan,http://img.thupdi.com/news/2015/08/1440573393290975.pdf
8016,CN,Wuhan,Line 6 Phase 2,NA,NA,0,7,100.00%,7,5,Plan,4558,CNY,2018,0.2379,1084.21,154.89,Plan,http://www.gov.cn/xinwen/2019-01/06/5355294/files/c3d503decf1d4b6b924324b210ee0f1a.pdf
8049,CN,Wuhan,Xingang,NA,NA,0,30.2,84.11%,25.4,11,Plan,17681,CNY,2018,0.2379,4205.76,139.26,Plan,http://www.gov.cn/xinwen/2019-01/06/5355294/files/c3d503decf1d4b6b924324b210ee0f1a.pdf
8075,CN,Wuhan,Line 8 Phase 3,NA,NA,0,4.9,100.00%,4.9,2,Plan,2597,CNY,2018,0.2379,617.75,126.07,Plan,http://www.gov.cn/xinwen/2019-01/06/5355294/files/c3d503decf1d4b6b924324b210ee0f1a.pdf
8083,CN,Wuhan,Line 7 Northern Extension,NA,NA,0,33.6,40.48%,13.6,10,Plan,17559,CNY,2018,0.2379,4176.74,124.31,Plan,http://www.gov.cn/xinwen/2019-01/06/5355294/files/c3d503decf1d4b6b924324b210ee0f1a.pdf
8088,CN,Wuhan,Line 2 Northern Extension,NA,NA,0,19.8,69.19%,13.7,7,Plan,9437,CNY,2013,0.2729,2575.6,130.08,Media,http://hb.sina.com.cn/news/b/2013-06-03/070979213.html
8099,CN,Wuhan,Line 21,NA,NA,0,33.7,71.81%,24.2,15,Plan,16107,CNY,2015,0.2729,4396.02,130.45,Plan,http://img.thupdi.com/news/2015/08/1440573393290975.pdf
8106,CN,Wuhan,Line 16,NA,NA,0,32.3,39.01%,12.6,12,Plan,15420,CNY,2018,0.2379,3667.94,113.56,Plan,http://www.gov.cn/xinwen/2019-01/06/5355294/files/c3d503decf1d4b6b924324b210ee0f1a.pdf
8114,CN,Wuhan,Line 1 Phase 4 (Jinghe),2015,2017,0,3.97,0.00%,0,3,Measured,1740,CNY,2015,0.2729,474.89,119.62,Wiki,https://zh.wikipedia.org/wiki/%E6%AD%A6%E6%B1%89%E8%BD%A8%E9%81%93%E4%BA%A4%E9%80%9A1%E5%8F%B7%E7%BA%BF#%E4%B8%80%E6%9C%9F%E5%B7%A5%E7%A8%8B
9492,CN,Wuhan,Line 4 Phase 1,2009,NA,0,15.4,100.00%,15.4,15,Media,9400,CNY,2009,0.3174,2983.18,193.71,Media,https://zh.wikipedia.org/wiki/%E6%AD%A6%E6%B1%89%E8%BD%A8%E9%81%93%E4%BA%A4%E9%80%9A4%E5%8F%B7%E7%BA%BF#%E4%B8%80%E6%9C%9F%E5%B7%A5%E7%A8%8B
7906,CN,Xi'an,Line 8,NA,NA,0,50,100.00%,50,35,Plan,38286,CNY,2019,0.2382,9120.06,182.4,Plan,https://www.ndrc.gov.cn/fggz/zcssfz/zcgh/201907/W020190910670748591840.pdf
7992,CN,Xi'an,Line 1 Phase 3,NA,NA,0,10.5,100.00%,10.5,7,Plan,7009,CNY,2019,0.2382,1669.6,159.01,Plan,https://www.ndrc.gov.cn/fggz/zcssfz/zcgh/201907/W020190910670748591840.pdf
8010,CN,Xi'an,Line 15 Phase 1,2020,2025,0,19,100.00%,19,11,Plan,12436,CNY,2019,0.2382,2962.36,155.91,Plan,https://www.ndrc.gov.cn/fggz/zcssfz/zcgh/201907/W020190910670748591840.pdf
8032,CN,Xi'an,Line 2 Phase 2,NA,NA,0,7,100.00%,7,4,Plan,4289,CNY,2019,0.2382,1021.68,145.95,Plan,https://www.ndrc.gov.cn/fggz/zcssfz/zcgh/201907/W020190910670748591840.pdf
8034,CN,Xi'an,Line 14,NA,NA,0,13.8,100.00%,13.8,8,Plan,8315,CNY,2019,0.2382,1980.71,143.53,Plan,https://www.ndrc.gov.cn/fggz/zcssfz/zcgh/201907/W020190910670748591840.pdf
8048,CN,Xi'an,Line 16 Phase 1,2019,2024,0,15.1,100.00%,15.1,8,Plan,8857,CNY,2019,0.2382,2109.81,139.72,Plan,https://www.ndrc.gov.cn/fggz/zcssfz/zcgh/201907/W020190910670748591840.pdf
8089,CN,Xi'an,Line 10 Phase 1,NA,NA,0,34.6,45.00%,15.6,15,Plan,17660,CNY,2019,0.2382,4206.77,121.58,Plan,https://www.ndrc.gov.cn/fggz/zcssfz/zcgh/201907/W020190910670748591840.pdf
7843,CN,Xiamen,Line 6,2017,2022,0,44.5,100.00%,44.5,27,Plan,36464,CNY,2016,0.2507,9141.14,205.42,Plan,http://www.gov.cn/xinwen/2016-10/13/5118393/files/fc4eeffb973d4e0297ef1fb6bcaa4e73.pdf
7867,CN,Xiamen,Line 2 Phase 2,2016,2020,0,15.5,100.00%,15.5,9,Plan,12218,CNY,2016,0.2507,3062.92,197.61,Plan,http://www.gov.cn/xinwen/2016-10/13/5118393/files/fc4eeffb973d4e0297ef1fb6bcaa4e73.pdf
7970,CN,Xiamen,Line 3 Phase 2,2016,2020,0,22.6,74.34%,16.8,13,Plan,15154,CNY,2016,0.239,3621.89,160.26,Plan,http://www.gov.cn/xinwen/2016-10/13/5118393/files/fc4eeffb973d4e0297ef1fb6bcaa4e73.pdf
8073,CN,Xiamen,Line 4,2017,2022,0,69.6,44.83%,31.2,18,Plan,36256,CNY,2016,0.239,8665.39,124.5,Plan,http://www.gov.cn/xinwen/2016-10/13/5118393/files/fc4eeffb973d4e0297ef1fb6bcaa4e73.pdf
7698,CN,Xuzhou,Line 3 Phase 2,4 years,NA,0,6.5,100.00%,6.5,5,Plan,5015.4,CNY,2020,0.2382,1194.67,183.8,Plan,https://www.ndrc.gov.cn/xxgk/zcfb/tz/202002/P020200210345113822478.pdf
7699,CN,Xuzhou,Line 4 Phase 1,5 years,NA,0,25.4,100.00%,25.4,19,Plan,17354,CNY,2020,0.2382,4133.72,162.74,Plan,https://www.ndrc.gov.cn/xxgk/zcfb/tz/202002/P020200210345113822478.pdf
7704,CN,Xuzhou,Line 5 Phase 1,5 years,NA,0,24.6,100.00%,24.6,20,Plan,16830,CNY,2020,0.2382,4008.91,162.96,Plan,https://www.ndrc.gov.cn/xxgk/zcfb/tz/202002/P020200210345113822478.pdf
7705,CN,Xuzhou,Line 6 Phase 1,5 years,NA,0,22.8,100.00%,22.8,15,Plan,14392,CNY,2020,0.2382,3428.17,150.36,Plan,https://www.ndrc.gov.cn/xxgk/zcfb/tz/202002/P020200210345113822478.pdf
7872,CN,Zhengzhou,Line 14 Phase 1,NA,NA,0,8.3,100.00%,8.3,6,Plan,6684,CNY,2019,0.2382,1592.19,191.83,Plan,https://www.ndrc.gov.cn/fggz/zcssfz/zcgh/201904/W020190910670741123314.pdf
7873,CN,Zhengzhou,Line 6 Phase 1,NA,NA,0,36.5,92.33%,33.7,24,Plan,29304,CNY,2019,0.2382,6980.47,191.25,Plan,https://www.ndrc.gov.cn/fggz/zcssfz/zcgh/201904/W020190910670741123314.pdf
7888,CN,Zhengzhou,Line 7 Phase 1,NA,NA,0,26.9,100.00%,26.9,20,Plan,21158,CNY,2019,0.2382,5040.02,187.36,Plan,https://www.ndrc.gov.cn/fggz/zcssfz/zcgh/201904/W020190910670741123314.pdf
7955,CN,Zhengzhou,Line 12 Phase 1,NA,NA,0,17.036,100.00%,17.035,12,Plan,12600,CNY,2019,0.2382,3001.43,176.18,Plan,https://www.ndrc.gov.cn/fggz/zcssfz/zcgh/201904/W020190910670741123314.pdf; https://zhuanlan.zhihu.com/p/84554499
8017,CN,Zhengzhou,Line 10 Phase 1,NA,NA,0,21.3,100.00%,21.3,12,Plan,15495.46,CNY,2019,0.2382,3691.15,173.29,Plan,http://www.gov.cn/xinwen/2019-01/06/5355294/files/c3d503decf1d4b6b924324b210ee0f1a.pdf
8025,CN,Zhengzhou,Line 8 Phase 1,2020,2024,0,50.63,100.00%,50.63,27,Plan,31019.49,CNY,2019,0.2382,7389.11,145.94,Plan,https://4g.dahe.cn/news/20191106554486; https://henan.china.com/m/news/yw/2019/1107/253044399.html
8027,CN,Zhengzhou,Line 3 Phase 2,NA,NA,0,6.305,100.00%,6.305,4,Plan,3800.9,CNY,2019,0.2382,905.41,143.6,Plan,https://www.ndrc.gov.cn/fggz/zcssfz/zcgh/201904/W020190910670741123314.pdf; https://4g.dahe.cn/news/20191106554486
